UhdmVerilator,hdlconvertor_std2012_p147
UhdmVerilator,simple_implicit_ports
UhdmVerilator,regress-vlg_pr2597278b_iv
UhdmVerilator,proc_assignment__bad
UhdmVerilator,hdlconvertor_std2012_p58
UhdmVerilator,bsg_misc_BaseJumpSTL_bsg_mul_pipelined
Surelog,regress-vlg_pr1978358d_iv
Surelog,regress-vlg_pow_ca_unsigned_iv
Surelog,random_stability_3
Surelog,hdlconvertor_std2017_p490
Surelog,sequence_goto_repetition_test
Surelog,regress-vlg_scope5_iv
Surelog,hdlconvertor_std2017_p295
Surelog,random_stability_2
Surelog,hdlconvertor_std2017_p372
Surelog,regress-synth_case6_iv
Surelog,hdlconvertor_std2017_p773
Surelog,regress-vlg_br937_iv
Surelog,interleaving_productions_rand_join_3
Surelog,sequence_local_var_test_uvm
Surelog,hdlconvertor_std2017_p478
Surelog,repeat_production_statements_0
Surelog,sequence_nonconsecutive_repetition_test
Surelog,hdlconvertor_std2017_p560
Surelog,sequence_and_op_test_uvm
Surelog,bp_lce
Surelog,hdlconvertor_std2017_p576
Surelog,property_disable_iff_test
Surelog,hdlconvertor_std2017_p751
Surelog,hdlconvertor_std2017_p758
Surelog,regress-vlg_nb_assign_iv
Surelog,hdlconvertor_std2017_p584
Surelog,random_weighted_case_randcase_3
Surelog,if_else_production_statements_2
Surelog,regress-vlg_wiresl2_iv
Surelog,regress-vlg_pr2824189_iv
Surelog,hdlconvertor_std2017_p191
Surelog,hdlconvertor_std2017_p577
Surelog,sequence_intersect_op_test_uvm
Surelog,sequence_rose_test_uvm
Surelog,bsg_cache_BaseJumpSTL_bsg_cache_to_dram_ctrl
Surelog,sequence_range_and_op_test_uvm
Surelog,sequence_test_uvm
Surelog,regress-vlg_pr1478121_iv
Surelog,random_production_weights_0
Surelog,regress-vlg_pr1978358b_iv
Surelog,random_weighted_case_randcase_2
Surelog,regress-vlg_pr529_iv
Surelog,hdlconvertor_std2017_p253
Surelog,property_disable_iff_test_uvm
Surelog,hdlconvertor_std2017_p550
Surelog,hdlconvertor_std2017_p573
Surelog,if-else_production_statements_3
Surelog,hdlconvertor_std2017_p532
Surelog,if-else_production_statements_1
Surelog,hdlconvertor_std2017_p757
Surelog,regress-vlg_urand_r2_iv
Surelog,value_passing_between_productions_1
Surelog,sequence_subroutine_test_uvm
Surelog,hdlconvertor_std2017_p499
Surelog,aborting_productions_break_and_return_2
Surelog,regress-synth_br_gh115_iv
Surelog,regress-vlg_pr3477107_iv
Surelog,aborting_productions_break_and_return_0
Surelog,hdlconvertor_std2012_p102
Surelog,interleaving_productions_rand_join_1
Surelog,random_sequence_generation_randsequence_2
Surelog,hdlconvertor_std2017_p137_2
Surelog,property_local_var_test_uvm
Surelog,regress-vlg_pr2986497_iv
Surelog,sequence_consecutive_repetition_test
Surelog,hdlconvertor_std2017_p477
Surelog,regress-vlg_pr2305307_iv
Surelog,regress-synth_memsynth3_iv
Surelog,hdlconvertor_std2017_p346
Surelog,repeat_production_statements_1
Surelog,regress-vlg_pr2470181b_iv
Surelog,sequence_stable_test_uvm
Surelog,hdlconvertor_std2017_p348
Surelog,hdlconvertor_std2017_p752
Surelog,regress-sv_func_init_var3_iv
Surelog,sequence_changed_test_uvm
Surelog,regress-vlg_fifo_iv
Surelog,sequence_multiclock_test_uvm
Surelog,regress-vlg_pow_reg_unsigned_iv
Surelog,regress-vlg_sqrt32_iv
Surelog,graphics_2d-shapes_xc7-hd_projf_top_triangles_fill
Surelog,hdlconvertor_std2017_p706
Surelog,random_sequence_generation_randsequence_0
Surelog,hdlconvertor_std2017_p340
Surelog,regress-vlg_pr1698820_iv
Surelog,regress-vlg_gencrc_iv
Surelog,hdlconvertor_std2017_p482
Surelog,random_weighted_case_randcase_1
Surelog,sequence_fell_test_uvm
Surelog,regress-fsv_memsynth3_iv
Surelog,interleaving_productions_rand_join_0
Surelog,regress-vlg_pow_ca_signed_iv
Surelog,regress-vlg_drive_strength3_iv
Surelog,regress-vlg_urand_r_iv
Surelog,regress-vlg_sel_rval_bit_ob_iv
Surelog,hdlconvertor_std2017_p578
Surelog,random_sequence_generation_randsequence_1
Surelog,property_local_var_test
Surelog,regress-vlg_signed_net_display_iv
Surelog,regress-vlg_pr1676071_iv
Surelog,regress-vlg_pr3197861_iv
Surelog,hdlconvertor_std2017_p489
Surelog,regress-vlg_tern7_iv
Surelog,hdlconvertor_std2017_p469
Surelog,regress-synth_case7_iv
Surelog,aborting_productions_break_and_return_3
Surelog,hdlconvertor_std2017_p488
Surelog,aborting_productions_break_and_return_1
Surelog,value_passing_between_productions_0
Surelog,regress-vlg_pow_reg_signed_iv
Surelog,if_else_production_statements_0
Surelog,random_production_weights_1
Surelog,regress-vlg_pr1978358_iv
Surelog,regress-vlg_andnot1_iv
Surelog,hdlconvertor_std2017_p296
Surelog,regress-vlg_generate_multi_loop_iv
Surelog,interleaving_productions_rand_join_2
Surelog,regress-vlg_urand_r3_iv
Surelog,sequence_past_test_uvm
Surelog,scr1
Surelog,regress-synth_case5_iv
Surelog,hdlconvertor_std2017_p594
Surelog,regress-synth_condit1_iv
Surelog,hdlconvertor_std2017_p724
Surelog,hdlconvertor_std2017_p347
Surelog,regress-vlg_pr1978358c_iv
Surelog,sequence_local_var_test
Surelog,random_weighted_case_randcase_0
Surelog,sequence_test
Surelog,hdlconvertor_std2017_p832
Surelog,regress-vlg_signed13_iv
Surelog,regress-synth_sqrt32synth_iv
Surelog,regress-vlg_br930_iv
Surelog,sequence_or_op_test_uvm
Surelog,random-sequence-generation-randsequence_3
Surelog,regress-vlg_pr2172606b_iv
Surelog,regress-vlg_pr1745005_iv
Surelog,hdlconvertor_std2017_p294
UhdmYosys,hdlconvertor_std2017_p94
VanillaYosysUhdmPlugin,regress-sv_br_gh498_iv
