VanillaYosysUhdmPlugin,property_disable_iff_min_test
VanillaYosysUhdmPlugin,past_gclk_function
VanillaYosysUhdmPlugin,sequence_nonconsecutive_repetition_test
VanillaYosysUhdmPlugin,sva_basic01
VanillaYosysUhdmPlugin,property_iff_test
VanillaYosysUhdmPlugin,steady_gclk_function
VanillaYosysUhdmPlugin,property_prec_test
VanillaYosysUhdmPlugin,property_disj_test
VanillaYosysUhdmPlugin,changed_gclk_function
VanillaYosysUhdmPlugin,rising_gclk_function
VanillaYosysUhdmPlugin,assume_property_test
VanillaYosysUhdmPlugin,changed_function
VanillaYosysUhdmPlugin,sequence_consecutive_repetition_test
VanillaYosysUhdmPlugin,future_gclk_function
VanillaYosysUhdmPlugin,past_function
VanillaYosysUhdmPlugin,sequence_goto_repetition_test
VanillaYosysUhdmPlugin,sva_counter
VanillaYosysUhdmPlugin,falling_gclk_function
VanillaYosysUhdmPlugin,rose_function
VanillaYosysUhdmPlugin,sva_basic00
VanillaYosysUhdmPlugin,sva_basic02
VanillaYosysUhdmPlugin,rose_gclk_function
VanillaYosysUhdmPlugin,sampled_function
VanillaYosysUhdmPlugin,changing_gclk_function
VanillaYosysUhdmPlugin,fell_gclk_function
VanillaYosysUhdmPlugin,sva_sva_throughout
VanillaYosysUhdmPlugin,property_test
VanillaYosysUhdmPlugin,sva_sva_not
VanillaYosysUhdmPlugin,stable_gclk_function
VanillaYosysUhdmPlugin,sva_sva_range
VanillaYosysUhdmPlugin,fell_function
VanillaYosysUhdmPlugin,sva_basic03
VanillaYosysUhdmPlugin,sequence_test
VanillaYosysUhdmPlugin,stable_function
Surelog,regress-sv_enum_test2_iv
Surelog,regress-sv_first_last_num_iv
Surelog,earlgrey
UhdmYosys,property_disable_iff_min_test
UhdmYosys,past_gclk_function
UhdmYosys,sequence_nonconsecutive_repetition_test
UhdmYosys,sva_basic01
UhdmYosys,property_iff_test
UhdmYosys,steady_gclk_function
UhdmYosys,property_prec_test
UhdmYosys,property_disj_test
UhdmYosys,changed_gclk_function
UhdmYosys,rising_gclk_function
UhdmYosys,assume_property_test
UhdmYosys,changed_function
UhdmYosys,sequence_consecutive_repetition_test
UhdmYosys,future_gclk_function
UhdmYosys,past_function
UhdmYosys,sequence_goto_repetition_test
UhdmYosys,sva_counter
UhdmYosys,falling_gclk_function
UhdmYosys,rose_function
UhdmYosys,sva_basic00
UhdmYosys,sva_basic02
UhdmYosys,rose_gclk_function
UhdmYosys,sampled_function
UhdmYosys,changing_gclk_function
UhdmYosys,fell_gclk_function
UhdmYosys,sva_sva_throughout
UhdmYosys,property_test
UhdmYosys,sva_sva_not
UhdmYosys,stable_gclk_function
UhdmYosys,sva_sva_range
UhdmYosys,fell_function
UhdmYosys,sva_basic03
UhdmYosys,sequence_test
UhdmYosys,stable_function
